product_id,category,supplier,region,responsible,minimum_stock,maximum_stock,current_stock,monthly_sales,sales_last_7_days,sales_last_30_days,lead_time_days,unit_cost,seasonality_index,demand_trend,target_risk_level,stock_turnover_rate,safety_stock_ratio,stock_coverage_days,stock_pressure_index,inventory_value,excess_stock,stock_deficit,sales_velocity,reorder_urgency,predicted_risk_level,confidence_score
P0001,Móveis,Fornecedor C,BA,Maria,15,45,25,176,36,176,12,30.59,0.55,0.24,low,7.04,0.6,4.261363636363637,1.44,764.75,0,0,0.8181818181818182,-0.8333333333333334,low,0.84
P0002,Bebidas,Fornecedor A,PR,Maria,62,310,155,439,54,439,25,321.8,0.88,0.17,low,2.832258064516129,0.4,10.59225512528474,0.3483870967741935,49879.0,0,0,0.4920273348519362,-3.72,low,0.8725
P0003,Papelaria,Fornecedor A,SP,Ana,135,675,881,482,163,482,14,116.23,0.86,-0.16,medium,0.547105561861521,0.1532349602724177,54.83402489626556,0.1850170261066969,102398.63,206,0,1.3526970954356847,-53.285714285714285,medium,0.96
P0004,Cosméticos,Fornecedor D,BA,João,52,208,48,106,32,106,19,94.11,1.5,0.29,high,2.2083333333333335,1.0833333333333333,13.58490566037736,0.6666666666666666,4517.28,0,4,1.2075471698113207,0.2105263157894736,high,0.6
P0005,Móveis,Fornecedor C,PR,Carlos,124,620,848,358,108,358,10,48.84,0.95,0.1,medium,0.4221698113207547,0.1462264150943396,71.06145251396647,0.1273584905660377,41416.32,228,0,1.2067039106145252,-72.4,medium,0.98
P0006,Brinquedos,Fornecedor E,RS,Carlos,120,600,83,16,4,16,13,56.14,0.83,-0.29,high,0.1927710843373494,1.4457831325301205,155.625,0.0481927710843373,4659.62,0,37,1.0,2.8461538461538463,high,0.35
P0007,Alimentos,Fornecedor C,BA,Maria,160,640,360,279,46,279,5,294.41,1.08,-0.15,low,0.775,0.4444444444444444,38.70967741935483,0.1277777777777777,105987.6,0,0,0.6594982078853047,-40.0,low,0.9994117647058823
P0008,Móveis,Fornecedor D,SC,João,192,960,688,105,24,105,29,345.66,0.59,-0.14,low,0.1526162790697674,0.2790697674418604,196.57142857142856,0.0348837209302325,237814.08,0,0,0.9142857142857144,-17.103448275862068,medium,0.62
P0009,Papelaria,Fornecedor D,SP,Maria,89,267,147,48,12,48,8,201.7,1.46,-0.26,low,0.3265306122448979,0.6054421768707483,91.875,0.0816326530612244,29649.9,0,0,1.0,-7.25,low,0.96
P0010,Cosméticos,Fornecedor C,PR,Pedro,104,312,117,447,106,447,11,242.55,1.13,0.28,low,3.8205128205128207,0.8888888888888888,7.85234899328859,0.905982905982906,28378.35,0,0,0.9485458612975392,-1.181818181818182,low,0.9107142857142857
P0011,Bebidas,Fornecedor D,PR,Maria,127,508,341,309,54,309,8,344.55,1.25,-0.01,low,0.906158357771261,0.3724340175953079,33.10679611650485,0.158357771260997,117491.55,0,0,0.6990291262135923,-26.75,low,0.9694117647058823
P0012,Papelaria,Fornecedor C,PR,Maria,153,612,475,449,106,449,11,13.6,0.67,0.24,low,0.9452631578947368,0.3221052631578947,31.737193763919823,0.2231578947368421,6460.0,0,0,0.9443207126948776,-29.272727272727273,low,0.7516666666666666
P0013,Papelaria,Fornecedor B,RS,Carlos,17,68,62,21,4,21,9,164.95,0.91,-0.11,low,0.3387096774193548,0.2741935483870967,88.57142857142858,0.064516129032258,10226.9,0,0,0.7619047619047619,-5.0,low,0.6225
P0014,Alimentos,Fornecedor C,BA,Carlos,141,423,359,334,116,334,11,486.68,0.92,-0.22,low,0.9303621169916436,0.3927576601671309,32.24550898203593,0.3231197771587744,174718.12,0,0,1.3892215568862276,-19.818181818181817,low,0.91
P0015,Ferramentas,Fornecedor C,RS,Carlos,113,565,560,61,19,61,20,292.16,1.32,-0.02,low,0.1089285714285714,0.2017857142857143,275.4098360655738,0.0339285714285714,163609.6,0,0,1.2459016393442623,-22.35,low,0.7
P0016,Cosméticos,Fornecedor D,PE,Pedro,141,423,326,315,70,315,14,130.84,0.5,-0.23,low,0.9662576687116564,0.4325153374233129,31.047619047619047,0.2147239263803681,42653.84,0,0,0.8888888888888888,-13.214285714285714,low,0.9794117647058823
P0017,Vestuário,Fornecedor D,RJ,Carlos,193,772,989,307,80,307,10,263.26,0.8,-0.01,medium,0.3104145601617796,0.1951466127401415,96.64495114006516,0.0808897876643073,260364.14,217,0,1.0423452768729642,-79.6,medium,0.91
P0018,Papelaria,Fornecedor A,RJ,João,34,170,214,16,4,16,10,174.61,1.48,0.25,medium,0.0747663551401869,0.1588785046728972,401.25,0.0186915887850467,37366.54,44,0,1.0,-18.0,medium,0.99
P0019,Ferramentas,Fornecedor A,PE,Ana,105,525,434,322,40,322,20,268.46,0.97,0.01,low,0.7419354838709677,0.2419354838709677,40.434782608695656,0.0921658986175115,116511.63999999998,0,0,0.4968944099378882,-16.45,low,0.7975784313725489
P0020,Vestuário,Fornecedor B,BA,João,164,492,722,84,27,84,22,67.24,0.88,0.07,medium,0.1163434903047091,0.2271468144044321,257.8571428571429,0.0373961218836565,48547.28,230,0,1.2857142857142858,-25.363636363636363,medium,0.86
P0021,Cosméticos,Fornecedor A,SC,João,102,408,317,220,69,220,17,70.69,0.62,-0.21,low,0.694006309148265,0.3217665615141956,43.22727272727273,0.2176656151419558,22408.73,0,0,1.2545454545454546,-12.647058823529411,low,0.7110784313725489
P0022,Eletrônicos,Fornecedor C,RS,Carlos,169,507,31,343,76,343,29,76.05,1.47,-0.27,critical,11.064516129032258,5.451612903225806,2.7113702623906706,2.4516129032258065,2357.5499999999997,0,138,0.8862973760932945,4.758620689655173,critical,0.97
P0023,Brinquedos,Fornecedor D,SP,Ana,187,935,669,268,55,268,9,470.21,0.52,-0.23,low,0.4005979073243647,0.2795216741405082,74.88805970149254,0.0822122571001494,314570.49,0,0,0.8208955223880597,-53.55555555555556,low,0.84
P0024,Ferramentas,Fornecedor A,PR,Ana,70,210,284,483,87,483,13,367.78,1.24,0.06,medium,1.7007042253521127,0.2464788732394366,17.63975155279503,0.306338028169014,104449.52,74,0,0.7204968944099379,-16.46153846153846,medium,0.7039215686274511
P0025,Esportes,Fornecedor A,PR,Ana,131,393,304,153,34,153,22,85.38,1.27,-0.24,low,0.5032894736842105,0.4309210526315789,59.6078431372549,0.1118421052631579,25955.519999999997,0,0,0.8888888888888888,-7.863636363636363,low,0.95
P0026,Eletrônicos,Fornecedor B,BA,Pedro,60,240,285,85,10,85,18,98.23,0.74,-0.07,medium,0.2982456140350877,0.2105263157894736,100.58823529411764,0.0350877192982456,27995.550000000003,45,0,0.4705882352941176,-12.5,medium,0.95
P0027,Brinquedos,Fornecedor B,SC,Carlos,156,624,143,219,69,219,6,366.76,1.17,0.03,high,1.5314685314685317,1.0909090909090908,19.589041095890412,0.4825174825174825,52446.68,0,13,1.2602739726027397,2.1666666666666665,high,0.91
P0028,Alimentos,Fornecedor C,RJ,Ana,30,150,167,489,61,489,8,82.3,0.59,-0.07,medium,2.92814371257485,0.1796407185628742,10.245398773006135,0.3652694610778443,13744.1,17,0,0.4989775051124744,-17.125,medium,0.9359999999999999
P0029,Móveis,Fornecedor D,RJ,Pedro,14,42,18,378,73,378,28,121.11,0.76,-0.2,low,21.0,0.7777777777777778,1.4285714285714286,4.055555555555555,2179.98,0,0,0.7724867724867724,-0.1428571428571428,low,0.74
P0030,Bebidas,Fornecedor B,PR,Maria,101,303,17,468,156,468,24,481.86,1.29,-0.14,critical,27.529411764705884,5.9411764705882355,1.08974358974359,9.176470588235292,8191.62,0,84,1.3333333333333333,3.5,critical,0.97
P0031,Esportes,Fornecedor A,BA,Maria,179,537,768,202,58,202,28,131.38,1.36,0.26,medium,0.2630208333333333,0.2330729166666666,114.05940594059406,0.0755208333333333,100899.84,231,0,1.1485148514851484,-21.035714285714285,medium,0.67
P0032,Alimentos,Fornecedor D,RS,Pedro,70,350,370,204,37,204,5,332.51,1.11,0.11,medium,0.5513513513513514,0.1891891891891892,54.411764705882355,0.1,123028.7,20,0,0.7254901960784313,-60.0,medium,0.96
P0033,Cosméticos,Fornecedor D,RJ,Pedro,31,155,174,29,5,29,11,489.42,1.01,-0.0,medium,0.1666666666666666,0.1781609195402299,180.0,0.028735632183908,85159.08,19,0,0.6896551724137931,-13.0,medium,1.0
P0034,Alimentos,Fornecedor A,RS,Carlos,158,632,193,470,55,470,12,190.28,0.66,-0.29,low,2.435233160621762,0.8186528497409327,12.319148936170214,0.2849740932642487,36724.04,0,0,0.4680851063829787,-2.9166666666666665,low,0.9219117647058823
P0035,Móveis,Fornecedor B,SC,Carlos,79,316,112,93,25,93,16,13.67,0.56,0.3,low,0.8303571428571429,0.7053571428571429,36.12903225806451,0.2232142857142857,1531.04,0,0,1.075268817204301,-2.0625,low,0.92
P0036,Cosméticos,Fornecedor A,RJ,Maria,10,40,49,272,34,272,13,125.85,0.62,0.1,medium,5.551020408163265,0.2040816326530612,5.404411764705882,0.6938775510204082,6166.65,9,0,0.5,-3.0,medium,0.78
P0037,Esportes,Fornecedor D,RJ,Ana,142,426,221,147,35,147,20,416.28,0.73,-0.11,low,0.665158371040724,0.6425339366515838,45.10204081632653,0.1583710407239819,91997.88,0,0,0.9523809523809524,-3.95,low,0.9994117647058823
P0038,Móveis,Fornecedor E,MG,Maria,21,63,37,63,21,63,24,432.98,0.84,0.23,low,1.7027027027027026,0.5675675675675675,17.619047619047617,0.5675675675675675,16020.26,0,0,1.3333333333333333,-0.6666666666666666,low,0.9057142857142857
P0039,Vestuário,Fornecedor E,RJ,Ana,99,396,263,414,58,414,14,385.42,0.88,-0.14,low,1.5741444866920151,0.376425855513308,19.05797101449275,0.2205323193916349,101365.46,0,0,0.5603864734299517,-11.714285714285714,low,0.9494117647058823
P0040,Bebidas,Fornecedor C,PE,Ana,55,165,156,493,160,493,25,60.99,0.85,0.03,low,3.16025641025641,0.3525641025641026,9.49290060851927,1.0256410256410255,9514.44,0,0,1.2981744421906694,-4.04,low,0.89
P0041,Esportes,Fornecedor A,SP,Carlos,43,172,54,369,128,369,14,398.78,0.74,0.08,low,6.833333333333333,0.7962962962962963,4.390243902439024,2.3703703703703702,21534.12,0,0,1.3875338753387534,-0.7857142857142857,low,0.8229004329004329
P0042,Vestuário,Fornecedor A,PE,João,186,930,799,30,3,30,15,459.75,1.01,-0.17,low,0.0375469336670838,0.2327909887359199,799.0,0.0037546933667083,367340.25,0,0,0.4,-40.86666666666667,low,0.89
P0043,Brinquedos,Fornecedor C,BA,João,87,348,457,51,16,51,27,302.3,1.33,0.29,medium,0.111597374179431,0.1903719912472647,268.8235294117647,0.0350109409190372,138151.1,109,0,1.2549019607843137,-13.703703703703704,medium,0.85
P0044,Esportes,Fornecedor C,BA,Pedro,54,270,365,292,69,292,15,470.73,0.78,0.15,medium,0.8,0.147945205479452,37.5,0.1890410958904109,171816.45,95,0,0.9452054794520548,-20.733333333333334,medium,0.92
P0045,Brinquedos,Fornecedor C,RS,Carlos,164,492,161,270,88,270,21,414.29,1.44,0.03,high,1.6770186335403727,1.0186335403726707,17.88888888888889,0.546583850931677,66700.69,0,3,1.3037037037037038,0.1428571428571428,high,0.805
P0046,Cosméticos,Fornecedor D,PE,Ana,82,328,379,20,4,20,28,335.15,1.37,-0.19,medium,0.0527704485488126,0.2163588390501319,568.5,0.0105540897097625,127021.85,51,0,0.8,-10.607142857142858,medium,0.54
P0047,Vestuário,Fornecedor A,PE,João,35,105,86,203,55,203,21,290.71,0.66,-0.27,low,2.36046511627907,0.4069767441860465,12.709359605911333,0.6395348837209303,25001.06,0,0,1.083743842364532,-2.4285714285714284,low,0.9790476190476189
P0048,Bebidas,Fornecedor D,PE,Ana,56,280,54,405,98,405,25,177.54,1.29,-0.11,high,7.5,1.037037037037037,4.0,1.8148148148148149,9587.16,0,2,0.9679012345679012,0.08,high,0.79
P0049,Móveis,Fornecedor C,SC,João,130,650,475,411,130,411,16,83.85,1.07,0.15,low,0.8652631578947368,0.2736842105263158,34.67153284671533,0.2736842105263158,39828.75,0,0,1.265206812652068,-21.5625,low,0.849078431372549
P0050,Papelaria,Fornecedor A,RJ,João,65,325,287,286,82,286,6,304.45,1.07,-0.14,low,0.9965156794425089,0.2264808362369338,30.104895104895107,0.2857142857142857,87377.15,0,0,1.1468531468531469,-37.0,low,0.7732450980392156
P0051,Alimentos,Fornecedor D,SP,João,103,309,177,473,112,473,15,162.47,0.89,0.02,low,2.672316384180791,0.5819209039548022,11.226215644820297,0.632768361581921,28757.19,0,0,0.9471458773784356,-4.933333333333334,low,0.991547619047619
P0052,Eletrônicos,Fornecedor D,RS,Carlos,116,348,390,90,28,90,10,433.89,1.0,0.14,medium,0.2307692307692307,0.2974358974358974,130.0,0.0717948717948717,169217.1,42,0,1.2444444444444445,-27.4,medium,0.7066666666666667
P0053,Bebidas,Fornecedor C,PE,Maria,72,216,7,254,44,254,25,496.7,0.9,-0.24,critical,36.285714285714285,10.285714285714286,0.8267716535433071,6.285714285714286,3476.9,0,65,0.6929133858267716,2.6,critical,0.98
P0054,Vestuário,Fornecedor A,PE,Ana,57,171,64,395,60,395,23,377.45,1.04,0.11,low,6.171875,0.890625,4.860759493670886,0.9375,24156.8,0,0,0.6075949367088608,-0.3043478260869565,low,0.895
P0055,Papelaria,Fornecedor C,MG,Carlos,70,350,312,274,42,274,25,49.79,1.13,-0.24,low,0.8782051282051282,0.2243589743589743,34.16058394160584,0.1346153846153846,15534.48,0,0,0.6131386861313869,-9.68,low,0.7975784313725489
P0056,Bebidas,Fornecedor A,RS,Carlos,90,450,442,339,65,339,21,147.9,1.17,0.28,low,0.7669683257918553,0.2036199095022624,39.11504424778761,0.1470588235294117,65371.8,0,0,0.7669616519174042,-16.761904761904763,low,0.7350784313725489
P0057,Vestuário,Fornecedor E,PE,Carlos,35,140,71,121,20,121,14,59.01,1.03,-0.01,low,1.704225352112676,0.4929577464788732,17.60330578512397,0.2816901408450704,4189.71,0,0,0.6611570247933884,-2.5714285714285716,low,0.94
P0058,Ferramentas,Fornecedor B,RS,Carlos,45,180,53,11,3,11,20,327.0,1.22,-0.21,medium,0.2075471698113207,0.8490566037735849,144.54545454545456,0.0566037735849056,17331.0,0,0,1.0909090909090908,-0.4,medium,0.74
P0059,Ferramentas,Fornecedor B,RJ,Carlos,10,30,36,141,19,141,8,383.77,0.64,-0.09,medium,3.9166666666666665,0.2777777777777778,7.659574468085106,0.5277777777777778,13815.72,6,0,0.5390070921985816,-3.25,medium,0.8018333333333334
P0060,Brinquedos,Fornecedor B,MG,Pedro,17,85,66,375,104,375,20,463.21,0.71,-0.05,low,5.681818181818182,0.2575757575757575,5.28,1.5757575757575757,30571.859999999997,0,0,1.1093333333333333,-2.45,low,0.8730909090909091
P0061,Bebidas,Fornecedor C,RS,Ana,122,610,50,180,28,180,21,221.9,1.32,0.15,critical,3.6,2.44,8.333333333333334,0.56,11095.0,0,72,0.6222222222222222,3.4285714285714284,critical,0.845
P0062,Ferramentas,Fornecedor E,SP,Carlos,108,540,608,332,107,332,24,451.18,0.82,0.15,medium,0.5460526315789473,0.1776315789473684,54.93975903614458,0.1759868421052631,274317.44,68,0,1.289156626506024,-20.833333333333332,medium,0.95
P0063,Vestuário,Fornecedor A,SP,Ana,189,756,1006,319,108,319,7,439.56,0.52,0.07,medium,0.3170974155069582,0.1878727634194831,94.60815047021944,0.1073558648111332,442197.36,250,0,1.35423197492163,-116.71428571428572,medium,0.91
P0064,Brinquedos,Fornecedor D,BA,Pedro,56,224,263,219,49,219,26,162.01,0.65,-0.24,medium,0.8326996197718631,0.2129277566539923,36.02739726027397,0.1863117870722433,42608.63,39,0,0.8949771689497716,-7.961538461538462,medium,0.6839215686274511
P0065,Vestuário,Fornecedor A,MG,Pedro,136,680,417,481,154,481,11,435.11,0.72,-0.21,low,1.1534772182254196,0.3261390887290168,26.008316008316005,0.369304556354916,181440.87,0,0,1.2806652806652807,-25.545454545454547,low,0.6121666666666666
P0066,Brinquedos,Fornecedor D,MG,Ana,65,325,290,86,10,86,29,190.96,1.46,-0.24,low,0.296551724137931,0.2241379310344827,101.16279069767442,0.0344827586206896,55378.4,0,0,0.4651162790697674,-7.758620689655173,medium,0.84
P0067,Bebidas,Fornecedor A,BA,João,23,115,95,227,69,227,5,151.95,1.07,0.05,low,2.389473684210526,0.2421052631578947,12.555066079295155,0.7263157894736842,14435.249999999998,0,0,1.2158590308370043,-14.4,low,0.6513809523809525
P0068,Papelaria,Fornecedor E,RS,Maria,37,148,87,482,81,482,12,326.29,1.43,0.23,low,5.540229885057471,0.425287356321839,5.4149377593361,0.9310344827586208,28387.230000000003,0,0,0.6721991701244814,-4.166666666666667,low,0.9690909090909091
P0069,Móveis,Fornecedor D,MG,João,87,435,77,376,123,376,21,167.55,1.08,-0.04,high,4.883116883116883,1.12987012987013,6.1436170212765955,1.5974025974025974,12901.35,0,10,1.3085106382978724,0.4761904761904761,high,0.87
P0070,Esportes,Fornecedor C,SP,João,139,695,813,427,49,427,5,316.95,0.98,-0.2,medium,0.5252152521525215,0.1709717097170971,57.11943793911007,0.060270602706027,257680.35,118,0,0.4590163934426229,-134.8,medium,0.95
P0071,Papelaria,Fornecedor A,SP,João,118,354,490,487,120,487,24,306.87,0.81,0.03,medium,0.9938775510204082,0.2408163265306122,30.184804928131417,0.2448979591836734,150366.3,136,0,0.9856262833675564,-15.5,medium,0.8314215686274511
P0072,Cosméticos,Fornecedor A,PE,Carlos,163,489,451,406,119,406,17,283.9,1.11,0.19,low,0.9002217294900222,0.3614190687361419,33.32512315270936,0.2638580931263858,128038.9,0,0,1.1724137931034482,-16.941176470588236,low,0.8094117647058823
P0073,Vestuário,Fornecedor D,RJ,Pedro,23,92,54,447,79,447,3,193.31,0.64,0.15,low,8.277777777777779,0.4259259259259259,3.624161073825503,1.462962962962963,10438.74,0,0,0.7069351230425056,-10.333333333333334,low,0.89
P0074,Cosméticos,Fornecedor C,MG,João,196,980,943,494,79,494,9,276.51,1.4,0.23,low,0.5238600212089077,0.2078472958642629,57.2672064777328,0.0837751855779427,260748.93,0,0,0.6396761133603239,-83.0,low,0.68
P0075,Papelaria,Fornecedor C,RS,Pedro,65,325,465,107,14,107,14,300.26,1.33,-0.13,medium,0.2301075268817204,0.1397849462365591,130.37383177570092,0.0301075268817204,139620.9,140,0,0.5233644859813084,-28.571428571428573,medium,0.99
P0076,Brinquedos,Fornecedor E,BA,Ana,124,372,6,277,53,277,19,275.12,0.82,-0.18,critical,46.166666666666664,20.666666666666668,0.6498194945848376,8.833333333333334,1650.72,0,118,0.7653429602888087,6.2105263157894735,critical,0.99
P0077,Esportes,Fornecedor C,BA,Maria,16,64,73,18,4,18,23,224.99,1.45,0.23,medium,0.2465753424657534,0.2191780821917808,121.66666666666669,0.0547945205479452,16424.27,9,0,0.8888888888888888,-2.4782608695652173,medium,0.91
P0078,Esportes,Fornecedor C,RS,Ana,12,36,6,163,23,163,28,12.26,1.33,0.09,high,27.166666666666668,2.0,1.1042944785276072,3.8333333333333335,73.56,0,6,0.5644171779141104,0.2142857142857142,high,0.78
P0079,Eletrônicos,Fornecedor C,SC,Ana,120,360,150,156,31,156,26,295.6,1.17,-0.11,low,1.04,0.8,28.846153846153847,0.2066666666666666,44340.0,0,0,0.7948717948717948,-1.1538461538461535,low,0.9794117647058823
P0080,Esportes,Fornecedor B,PR,Carlos,160,480,84,487,57,487,22,88.38,0.62,0.15,high,5.7976190476190474,1.9047619047619049,5.174537987679671,0.6785714285714286,7423.92,0,76,0.4681724845995893,3.4545454545454546,high,0.71
P0081,Móveis,Fornecedor E,RJ,Maria,116,348,146,112,34,112,7,323.08,0.98,0.19,low,0.7671232876712328,0.7945205479452054,39.107142857142854,0.2328767123287671,47169.68,0,0,1.2142857142857142,-4.285714285714286,low,0.9794117647058823
P0082,Esportes,Fornecedor A,BA,Ana,27,135,111,192,28,192,6,380.88,1.01,0.07,low,1.7297297297297298,0.2432432432432432,17.34375,0.2522522522522522,42277.68,0,0,0.5833333333333334,-14.0,low,0.49857843137254904
P0083,Papelaria,Fornecedor D,MG,Ana,47,235,35,305,55,305,14,252.72,0.73,0.11,high,8.714285714285714,1.3428571428571427,3.4426229508196724,1.5714285714285714,8845.2,0,12,0.7213114754098361,0.8571428571428571,high,0.94
P0084,Eletrônicos,Fornecedor A,RJ,Maria,124,372,284,102,12,102,22,273.47,0.58,-0.07,low,0.3591549295774648,0.4366197183098591,83.52941176470588,0.0422535211267605,77665.48000000001,0,0,0.4705882352941176,-7.272727272727272,low,0.85
P0085,Papelaria,Fornecedor E,MG,Maria,24,96,81,135,29,135,26,475.98,1.28,0.02,low,1.6666666666666667,0.2962962962962963,18.0,0.3580246913580246,38554.380000000005,0,0,0.8592592592592593,-2.1923076923076925,low,0.7921666666666667
P0086,Papelaria,Fornecedor D,SC,Ana,128,512,513,297,92,297,20,424.35,0.62,0.01,medium,0.5789473684210527,0.2495126705653021,51.81818181818181,0.1793372319688109,217691.55,1,0,1.239057239057239,-19.25,medium,0.5525
P0087,Alimentos,Fornecedor E,SP,Maria,37,148,128,175,36,175,19,457.55,1.09,0.21,low,1.3671875,0.2890625,21.942857142857143,0.28125,58566.4,0,0,0.8228571428571428,-4.7894736842105265,low,0.5990784313725489
P0088,Eletrônicos,Fornecedor C,RJ,Ana,48,192,196,428,67,428,21,407.81,1.44,0.2,medium,2.183673469387755,0.2448979591836734,13.738317757009344,0.3418367346938775,79930.76,4,0,0.6261682242990654,-7.0476190476190474,medium,0.5435
P0089,Papelaria,Fornecedor D,PE,Ana,194,582,522,478,139,478,11,58.91,1.38,0.2,low,0.9157088122605364,0.3716475095785441,32.76150627615063,0.2662835249042146,30751.019999999997,0,0,1.1631799163179917,-29.818181818181817,low,0.9894117647058823
P0090,Alimentos,Fornecedor C,BA,Carlos,26,130,129,187,56,187,6,78.75,0.78,-0.29,low,1.449612403100775,0.2015503875968992,20.6951871657754,0.4341085271317829,10158.75,0,0,1.1978609625668448,-17.166666666666668,low,0.7191666666666666
P0091,Alimentos,Fornecedor A,RJ,João,95,380,470,475,74,475,28,265.68,1.35,0.15,medium,1.0106382978723405,0.202127659574468,29.684210526315788,0.1574468085106383,124869.6,90,0,0.6231578947368421,-13.392857142857142,medium,0.7339215686274511
P0092,Eletrônicos,Fornecedor A,RJ,Ana,135,405,118,368,109,368,23,126.8,0.5,0.16,high,3.1186440677966103,1.1440677966101696,9.619565217391305,0.923728813559322,14962.4,0,17,1.184782608695652,0.7391304347826086,high,0.87
P0093,Cosméticos,Fornecedor D,RJ,Pedro,53,212,19,43,14,43,4,240.96,0.52,0.11,critical,2.263157894736842,2.789473684210526,13.255813953488373,0.7368421052631579,4578.24,0,34,1.302325581395349,8.5,critical,0.96
P0094,Brinquedos,Fornecedor D,PR,João,34,136,4,19,2,19,6,200.21,1.1,0.15,critical,4.75,8.5,6.315789473684211,0.5,800.84,0,30,0.4210526315789473,5.0,critical,0.73
P0095,Móveis,Fornecedor E,RJ,João,154,462,255,380,112,380,4,276.96,0.86,0.21,low,1.4901960784313726,0.6039215686274509,20.13157894736842,0.4392156862745098,70624.79999999999,0,0,1.1789473684210523,-25.25,low,0.9225
P0096,Brinquedos,Fornecedor E,MG,João,22,110,136,8,2,8,17,374.7,0.89,-0.02,medium,0.0588235294117647,0.1617647058823529,510.0,0.0147058823529411,50959.2,26,0,1.0,-6.705882352941177,medium,0.97
P0097,Esportes,Fornecedor C,SP,Carlos,34,170,225,353,80,353,4,359.17,1.06,0.0,medium,1.568888888888889,0.1511111111111111,19.121813031161473,0.3555555555555555,80813.25,55,0,0.906515580736544,-47.75,medium,0.9075
P0098,Móveis,Fornecedor D,SC,Ana,77,231,52,474,61,474,6,263.01,0.69,-0.23,high,9.115384615384617,1.4807692307692308,3.291139240506329,1.1730769230769231,13676.52,0,25,0.5147679324894515,4.166666666666667,high,0.94
P0099,Esportes,Fornecedor A,RS,Carlos,147,735,939,413,55,413,8,412.08,0.71,-0.07,medium,0.4398296059637913,0.1565495207667731,68.20823244552058,0.0585729499467518,386943.12,204,0,0.5326876513317191,-99.0,medium,0.95
P0100,Papelaria,Fornecedor E,RJ,Ana,76,228,341,401,126,401,9,218.28,0.98,0.09,medium,1.1759530791788857,0.2228739002932551,25.511221945137155,0.3695014662756598,74433.48,113,0,1.256857855361596,-29.444444444444443,low,0.7038333333333333
P0101,Vestuário,Fornecedor E,BA,Carlos,118,354,363,214,74,214,12,448.87,1.25,0.17,medium,0.5895316804407713,0.325068870523416,50.88785046728972,0.2038567493112947,162939.81,9,0,1.383177570093458,-20.416666666666668,medium,0.69
P0102,Eletrônicos,Fornecedor A,RJ,Carlos,155,465,279,165,45,165,21,40.28,1.12,-0.17,low,0.5913978494623656,0.5555555555555556,50.72727272727273,0.1612903225806451,11238.12,0,0,1.0909090909090908,-5.904761904761905,low,0.92
P0103,Móveis,Fornecedor E,BA,Pedro,120,600,592,20,4,20,21,477.56,0.8,-0.22,low,0.0337837837837837,0.2027027027027027,888.0,0.0067567567567567,282715.52,0,0,0.8,-22.47619047619047,low,0.84
P0104,Móveis,Fornecedor C,MG,Carlos,120,360,157,497,133,497,28,329.07,0.93,0.1,low,3.1656050955414012,0.7643312101910829,9.476861167002012,0.8471337579617835,51663.99,0,0,1.0704225352112675,-1.3214285714285714,low,0.9115476190476189
P0105,Papelaria,Fornecedor D,BA,Maria,43,172,119,430,109,430,24,193.14,0.67,-0.3,low,3.613445378151261,0.361344537815126,8.30232558139535,0.9159663865546218,22983.66,0,0,1.013953488372093,-3.1666666666666665,low,0.8957142857142857
P0106,Cosméticos,Fornecedor A,PE,Pedro,120,600,58,112,23,112,14,102.59,0.57,-0.19,critical,1.9310344827586208,2.068965517241379,15.535714285714285,0.396551724137931,5950.22,0,62,0.8214285714285714,4.428571428571429,critical,0.77
P0107,Alimentos,Fornecedor D,RS,Carlos,17,85,109,386,50,386,5,242.2,1.28,-0.28,medium,3.541284403669725,0.1559633027522936,8.471502590673575,0.4587155963302752,26399.8,24,0,0.5181347150259067,-18.4,medium,0.960952380952381
P0108,Papelaria,Fornecedor E,SP,João,177,885,127,454,139,454,15,101.31,0.77,-0.2,high,3.574803149606299,1.3937007874015748,8.392070484581499,1.094488188976378,12866.37,0,50,1.224669603524229,3.3333333333333335,high,0.83
P0109,Ferramentas,Fornecedor E,BA,Maria,122,610,735,315,64,315,20,87.33,0.68,-0.19,medium,0.4285714285714285,0.1659863945578231,70.0,0.0870748299319727,64187.55,125,0,0.8126984126984127,-30.65,medium,0.98
P0110,Alimentos,Fornecedor A,BA,Maria,92,368,114,231,71,231,10,310.59,1.19,-0.07,low,2.026315789473684,0.8070175438596491,14.805194805194803,0.6228070175438597,35407.259999999995,0,0,1.229437229437229,-2.2,low,0.971547619047619
P0111,Eletrônicos,Fornecedor C,SP,Maria,51,255,208,174,30,174,23,263.93,1.12,-0.06,low,0.8365384615384616,0.2451923076923076,35.862068965517246,0.1442307692307692,54897.44,0,0,0.6896551724137931,-6.826086956521739,low,0.9075784313725489
P0112,Alimentos,Fornecedor B,RS,Pedro,178,890,525,38,4,38,17,336.7,1.13,0.22,low,0.0723809523809523,0.339047619047619,414.4736842105264,0.0076190476190476,176767.5,0,0,0.4210526315789473,-20.41176470588235,low,0.77
P0113,Cosméticos,Fornecedor A,RJ,Carlos,110,330,8,418,64,418,3,465.15,0.73,0.01,critical,52.25,13.75,0.5741626794258373,8.0,3721.2,0,102,0.6124401913875598,34.0,critical,1.0
P0114,Alimentos,Fornecedor B,BA,Carlos,15,75,39,255,57,255,5,268.47,0.73,0.13,low,6.538461538461538,0.3846153846153846,4.588235294117647,1.4615384615384617,10470.330000000002,0,0,0.8941176470588236,-4.8,low,0.979090909090909
P0115,Eletrônicos,Fornecedor B,SP,João,189,756,236,251,84,251,28,292.56,0.72,-0.24,low,1.0635593220338984,0.8008474576271186,28.207171314741036,0.3559322033898305,69044.16,0,0,1.3386454183266931,-1.6785714285714286,low,0.98
P0116,Cosméticos,Fornecedor C,PE,João,35,140,24,273,38,273,10,49.37,0.67,-0.16,high,11.375,1.4583333333333333,2.6373626373626373,1.5833333333333333,1184.88,0,11,0.5567765567765568,1.1,high,0.91
P0117,Brinquedos,Fornecedor B,PE,Maria,73,292,358,145,45,145,6,360.23,1.16,0.12,medium,0.4050279329608938,0.2039106145251396,74.06896551724138,0.1256983240223463,128962.34,66,0,1.2413793103448276,-47.5,medium,0.8425
P0118,Móveis,Fornecedor B,MG,João,196,784,493,278,66,278,18,202.95,1.35,-0.27,low,0.563894523326572,0.3975659229208925,53.20143884892086,0.1338742393509127,100054.35,0,0,0.9496402877697842,-16.5,low,0.85
P0119,Móveis,Fornecedor C,SP,Pedro,193,965,3,420,129,420,25,488.48,1.22,-0.01,critical,140.0,64.33333333333333,0.2142857142857142,43.0,1465.44,0,190,1.2285714285714286,7.6,critical,0.99
P0120,Esportes,Fornecedor B,MG,Carlos,68,340,153,100,18,100,12,412.47,1.29,0.06,low,0.6535947712418301,0.4444444444444444,45.9,0.1176470588235294,63107.91,0,0,0.72,-7.083333333333333,low,0.9994117647058823
P0121,Brinquedos,Fornecedor B,PE,Maria,118,472,441,231,72,231,14,263.63,0.9,0.06,low,0.5238095238095238,0.2675736961451247,57.27272727272727,0.1632653061224489,116260.83,0,0,1.2467532467532467,-23.071428571428573,low,0.8515
P0122,Brinquedos,Fornecedor B,RS,João,130,520,28,383,113,383,16,66.0,1.15,-0.29,critical,13.678571428571429,4.642857142857143,2.1932114882506526,4.035714285714286,1848.0,0,102,1.1801566579634464,6.375,critical,0.88
P0123,Alimentos,Fornecedor A,RJ,Pedro,42,210,108,43,7,43,16,430.41,0.85,-0.11,low,0.3981481481481481,0.3888888888888889,75.34883720930233,0.0648148148148148,46484.280000000006,0,0,0.6511627906976745,-4.125,low,0.99
P0124,Móveis,Fornecedor A,SP,Pedro,190,760,609,306,45,306,4,400.89,1.03,0.08,low,0.5024630541871922,0.3119868637110016,59.70588235294118,0.0738916256157635,244142.01,0,0,0.5882352941176471,-104.75,low,0.81
P0125,Eletrônicos,Fornecedor A,SC,João,159,477,74,33,10,33,25,96.37,0.98,-0.21,critical,0.4459459459459459,2.1486486486486487,67.27272727272727,0.1351351351351351,7131.38,0,85,1.2121212121212122,3.4,critical,0.85
P0126,Bebidas,Fornecedor C,PE,Carlos,30,120,69,450,153,450,7,151.16,0.68,0.12,low,6.521739130434782,0.4347826086956521,4.6,2.217391304347826,10430.04,0,0,1.36,-5.571428571428571,low,0.9162337662337663
P0127,Bebidas,Fornecedor E,PE,João,79,316,145,481,59,481,7,397.74,0.89,0.15,low,3.317241379310345,0.5448275862068965,9.043659043659042,0.4068965517241379,57672.3,0,0,0.4906444906444906,-9.428571428571429,low,0.9015476190476189
P0128,Cosméticos,Fornecedor B,SC,Maria,121,363,127,322,92,322,8,96.69,1.46,0.29,low,2.5354330708661417,0.952755905511811,11.832298136645964,0.7244094488188977,12279.63,0,0,1.1428571428571428,-0.75,low,0.8773809523809523
P0129,Móveis,Fornecedor B,PR,João,13,39,20,249,81,249,15,459.29,0.75,-0.17,low,12.45,0.65,2.4096385542168672,4.05,9185.8,0,0,1.3012048192771084,-0.4666666666666667,low,0.7971428571428573
P0130,Móveis,Fornecedor C,PE,Pedro,103,515,41,240,76,240,11,215.14,0.63,0.2,critical,5.853658536585366,2.5121951219512195,5.125,1.853658536585366,8820.74,0,62,1.2666666666666666,5.636363636363637,critical,0.895
P0131,Bebidas,Fornecedor B,BA,João,84,420,355,189,64,189,24,48.08,0.92,0.01,low,0.532394366197183,0.2366197183098591,56.34920634920635,0.180281690140845,17068.399999999998,0,0,1.3544973544973544,-11.291666666666666,low,0.789
P0132,Móveis,Fornecedor A,RS,Carlos,199,597,40,276,81,276,17,408.8,1.29,-0.08,critical,6.9,4.975,4.347826086956522,2.025,16352.0,0,159,1.173913043478261,9.352941176470589,critical,0.81
P0133,Alimentos,Fornecedor E,SP,Ana,71,213,33,444,97,444,16,189.89,1.08,-0.23,critical,13.454545454545457,2.1515151515151514,2.22972972972973,2.939393939393939,6266.37,0,38,0.8738738738738738,2.375,critical,0.64
P0134,Ferramentas,Fornecedor D,SC,João,103,515,16,240,45,240,26,265.62,1.18,0.14,critical,15.0,6.4375,2.0,2.8125,4249.92,0,87,0.75,3.3461538461538463,critical,0.97
P0135,Vestuário,Fornecedor B,BA,Carlos,104,416,152,243,46,243,9,60.59,0.69,-0.16,low,1.5986842105263157,0.6842105263157895,18.765432098765434,0.3026315789473684,9209.68,0,0,0.757201646090535,-5.333333333333333,low,0.9794117647058823
P0136,Brinquedos,Fornecedor A,SC,Carlos,161,483,377,381,108,381,27,6.28,1.12,-0.08,low,1.0106100795755968,0.4270557029177719,29.68503937007874,0.2864721485411141,2367.56,0,0,1.1338582677165354,-8.0,low,0.93
P0137,Esportes,Fornecedor D,SP,Pedro,64,320,75,270,78,270,22,320.8,0.82,-0.26,medium,3.6,0.8533333333333334,8.333333333333334,1.04,24060.0,0,0,1.1555555555555554,-0.5,medium,0.6333333333333333
P0138,Cosméticos,Fornecedor E,MG,Carlos,146,584,598,418,68,418,4,260.01,1.33,0.18,medium,0.6989966555183946,0.2441471571906354,42.91866028708134,0.1137123745819397,155485.97999999998,14,0,0.6507177033492823,-113.0,medium,0.6357549019607843
P0139,Ferramentas,Fornecedor D,SP,Carlos,140,420,628,413,131,413,9,298.8,1.13,0.16,medium,0.6576433121019108,0.2229299363057325,45.61743341404358,0.2085987261146497,187646.4,208,0,1.2687651331719128,-54.22222222222222,medium,0.683921568627451
P0140,Bebidas,Fornecedor A,PR,Carlos,40,160,105,363,102,363,8,397.9,0.7,0.14,low,3.4571428571428573,0.3809523809523809,8.677685950413224,0.9714285714285714,41779.5,0,0,1.1239669421487604,-8.125,low,0.9015476190476189
P0141,Brinquedos,Fornecedor D,SP,Carlos,49,245,341,344,85,344,19,325.07,0.56,-0.12,medium,1.0087976539589445,0.1436950146627566,29.738372093023255,0.2492668621700879,110848.87,96,0,0.9883720930232558,-15.36842105263158,medium,0.9
P0142,Móveis,Fornecedor C,SP,Maria,45,135,26,393,89,393,29,91.51,0.54,-0.2,high,15.115384615384617,1.7307692307692308,1.984732824427481,3.423076923076923,2379.26,0,19,0.905852417302799,0.6551724137931034,high,0.89
P0143,Esportes,Fornecedor D,PR,Maria,161,644,824,69,16,69,27,183.58,0.87,0.08,medium,0.0837378640776699,0.1953883495145631,358.26086956521743,0.0194174757281553,151269.92,180,0,0.927536231884058,-24.555555555555557,medium,0.89
P0144,Móveis,Fornecedor B,RS,Pedro,15,45,30,482,74,482,27,453.42,0.77,-0.0,low,16.066666666666666,0.5,1.867219917012448,2.466666666666667,13602.6,0,0,0.6141078838174274,-0.5555555555555556,low,0.46
P0145,Eletrônicos,Fornecedor B,PE,João,75,300,133,181,29,181,4,386.12,1.15,-0.19,low,1.3609022556390975,0.5639097744360902,22.044198895027623,0.2180451127819548,51353.96,0,0,0.6408839779005525,-14.5,low,0.9394117647058823
P0146,Eletrônicos,Fornecedor C,SP,Carlos,84,420,167,7,0,7,5,280.54,1.0,0.11,low,0.0419161676646706,0.5029940119760479,715.7142857142857,0.0,46850.18,0,0,0.0,-16.6,low,0.84
P0147,Esportes,Fornecedor A,PR,João,13,65,11,433,66,433,7,131.54,0.77,0.29,high,39.36363636363637,1.181818181818182,0.7621247113163973,6.0,1446.9399999999998,0,2,0.6096997690531177,0.2857142857142857,high,0.81
P0148,Esportes,Fornecedor B,BA,João,88,264,236,146,32,146,7,154.52,0.65,0.15,low,0.6186440677966102,0.3728813559322034,48.493150684931514,0.135593220338983,36466.72,0,0,0.8767123287671232,-21.142857142857142,low,0.9594117647058823
P0149,Bebidas,Fornecedor E,MG,Pedro,143,572,820,380,91,380,3,367.32,0.63,0.14,medium,0.4634146341463415,0.174390243902439,64.73684210526316,0.1109756097560975,301202.4,248,0,0.9578947368421052,-225.66666666666663,medium,0.93
P0150,Esportes,Fornecedor B,MG,Carlos,127,381,454,162,19,162,10,426.33,1.36,0.27,medium,0.3568281938325991,0.2797356828193832,84.07407407407406,0.0418502202643171,193553.82,73,0,0.4691358024691358,-32.7,medium,0.71
P0151,Alimentos,Fornecedor B,SP,Carlos,122,366,400,328,99,328,14,337.36,0.74,-0.18,medium,0.82,0.305,36.58536585365854,0.2475,134944.0,34,0,1.2073170731707317,-19.857142857142858,medium,0.751421568627451
P0152,Móveis,Fornecedor A,RS,Ana,103,412,475,150,27,150,26,405.72,1.15,0.04,medium,0.3157894736842105,0.2168421052631579,95.0,0.0568421052631578,192717.0,63,0,0.72,-14.307692307692308,medium,0.92
P0153,Ferramentas,Fornecedor D,RS,João,188,752,701,450,148,450,6,384.49,1.31,0.29,low,0.6419400855920114,0.268188302425107,46.733333333333334,0.2111269614835948,269527.49,0,0,1.3155555555555556,-85.5,low,0.8135784313725489
P0154,Papelaria,Fornecedor B,BA,João,71,284,121,297,101,297,15,79.1,1.11,-0.2,low,2.4545454545454546,0.5867768595041323,12.22222222222222,0.8347107438016529,9571.1,0,0,1.3602693602693603,-3.3333333333333335,low,0.989047619047619
P0155,Esportes,Fornecedor C,SP,Maria,194,970,129,157,25,157,25,214.85,1.36,0.12,high,1.2170542635658914,1.503875968992248,24.64968152866242,0.1937984496124031,27715.65,0,65,0.6369426751592356,2.6,high,0.85
P0156,Cosméticos,Fornecedor D,MG,Ana,88,264,309,436,97,436,17,80.73,0.89,0.05,medium,1.4110032362459546,0.284789644012945,21.261467889908257,0.313915857605178,24945.57,45,0,0.8899082568807339,-13.0,medium,0.650921568627451
P0157,Eletrônicos,Fornecedor E,RS,Maria,145,435,362,197,23,197,13,121.44,1.46,0.05,low,0.5441988950276243,0.4005524861878453,55.12690355329949,0.0635359116022099,43961.28,0,0,0.467005076142132,-16.692307692307693,low,0.96
P0158,Alimentos,Fornecedor A,SP,Maria,35,175,192,441,113,441,12,435.28,0.63,0.12,medium,2.296875,0.1822916666666666,13.06122448979592,0.5885416666666666,83573.76,17,0,1.0249433106575965,-13.083333333333334,medium,0.9444523809523809
P0159,Brinquedos,Fornecedor E,SC,Maria,188,752,818,498,128,498,5,239.08,0.6,0.26,medium,0.60880195599022,0.2298288508557457,49.27710843373494,0.1564792176039119,195567.44,66,0,1.0281124497991967,-126.0,medium,0.8425
P0160,Papelaria,Fornecedor D,RS,Pedro,182,910,692,467,81,467,24,270.0,1.16,0.17,low,0.6748554913294798,0.2630057803468208,44.45396145610278,0.1170520231213872,186840.0,0,0,0.6937901498929336,-21.25,low,0.7984117647058824
P0161,Ferramentas,Fornecedor D,PR,Pedro,53,265,291,77,19,77,16,93.33,1.44,-0.27,medium,0.2646048109965636,0.1821305841924398,113.37662337662336,0.0652920962199312,27159.03,26,0,0.987012987012987,-14.875,medium,0.98
P0162,Papelaria,Fornecedor D,SC,Maria,142,710,793,403,68,403,18,159.57,1.31,0.21,medium,0.5081967213114754,0.1790668348045397,59.03225806451613,0.0857503152585119,126539.01,83,0,0.674937965260546,-36.166666666666664,medium,0.99
P0163,Esportes,Fornecedor E,PE,Ana,79,237,28,309,47,309,12,118.97,0.58,-0.16,critical,11.035714285714286,2.8214285714285716,2.7184466019417473,1.6785714285714286,3331.16,0,51,0.6084142394822006,4.25,critical,0.85
P0164,Bebidas,Fornecedor D,RS,João,163,815,148,381,102,381,12,107.06,0.78,-0.07,high,2.574324324324324,1.101351351351351,11.653543307086617,0.6891891891891891,15844.88,0,15,1.0708661417322836,1.25,high,0.86
P0165,Eletrônicos,Fornecedor E,MG,Ana,127,381,295,348,67,348,14,320.79,1.43,-0.02,low,1.1796610169491526,0.4305084745762711,25.431034482758623,0.2271186440677966,94633.05,0,0,0.7701149425287356,-12.0,low,0.9794117647058823
P0166,Eletrônicos,Fornecedor D,RJ,Carlos,77,231,10,456,116,456,11,132.16,0.75,-0.01,critical,45.6,7.7,0.6578947368421053,11.6,1321.6,0,67,1.0175438596491229,6.090909090909091,critical,0.93
P0167,Brinquedos,Fornecedor C,SC,Pedro,28,84,35,144,31,144,3,317.85,1.28,-0.04,low,4.114285714285714,0.8,7.291666666666667,0.8857142857142857,11124.75,0,0,0.8611111111111112,-2.3333333333333335,low,0.8666666666666667
P0168,Bebidas,Fornecedor D,PE,João,29,116,112,191,66,191,7,33.94,1.33,0.26,low,1.7053571428571428,0.2589285714285714,17.591623036649217,0.5892857142857143,3801.28,0,0,1.382198952879581,-11.857142857142858,low,0.8707142857142856
P0169,Móveis,Fornecedor E,BA,João,122,366,186,297,45,297,22,75.18,1.0,0.12,low,1.596774193548387,0.6559139784946236,18.78787878787879,0.2419354838709677,13983.48,0,0,0.6060606060606061,-2.909090909090909,low,0.956078431372549
P0170,Vestuário,Fornecedor B,BA,Carlos,149,447,226,65,14,65,10,140.9,0.89,0.08,low,0.2876106194690265,0.6592920353982301,104.30769230769232,0.0619469026548672,31843.4,0,0,0.8615384615384616,-7.7,low,0.88
P0171,Alimentos,Fornecedor D,MG,Carlos,56,224,309,489,134,489,13,300.54,0.95,-0.27,medium,1.5825242718446602,0.1812297734627831,18.95705521472393,0.4336569579288026,92866.86,85,0,1.096114519427403,-19.46153846153846,medium,0.8775
P0172,Eletrônicos,Fornecedor B,RS,Maria,10,30,33,431,90,431,14,339.54,0.73,0.24,medium,13.06060606060606,0.303030303030303,2.296983758700696,2.727272727272727,11204.820000000002,3,0,0.8352668213457076,-1.6428571428571428,medium,0.61
P0173,Cosméticos,Fornecedor C,SP,Pedro,99,495,54,384,132,384,3,224.14,1.39,0.25,high,7.111111111111111,1.8333333333333333,4.21875,2.4444444444444446,12103.56,0,45,1.375,15.0,high,0.69
P0174,Eletrônicos,Fornecedor A,RS,Pedro,151,755,622,202,57,202,27,225.67,0.95,0.17,low,0.3247588424437299,0.2427652733118971,92.37623762376238,0.0916398713826366,140366.74,0,0,1.1287128712871286,-17.444444444444443,low,0.7933333333333333
P0175,Papelaria,Fornecedor C,MG,Ana,73,219,151,299,80,299,24,363.64,1.38,-0.3,low,1.9801324503311255,0.4834437086092715,15.150501672240802,0.5298013245033113,54909.64,0,0,1.0702341137123743,-3.25,low,0.9115476190476189
P0176,Eletrônicos,Fornecedor D,BA,Maria,47,188,245,444,130,444,22,12.83,0.61,-0.27,medium,1.8122448979591836,0.1918367346938775,16.554054054054053,0.5306122448979592,3143.35,57,0,1.1711711711711712,-9.0,medium,0.800952380952381
P0177,Eletrônicos,Fornecedor B,RS,Maria,46,230,68,323,109,323,27,173.84,1.49,-0.16,medium,4.75,0.6764705882352942,6.31578947368421,1.6029411764705883,11821.12,0,0,1.34984520123839,-0.8148148148148148,medium,0.637099567099567
P0178,Vestuário,Fornecedor B,BA,Maria,135,540,311,306,100,306,13,410.26,0.94,-0.22,low,0.9839228295819936,0.4340836012861736,30.490196078431374,0.3215434083601286,127590.86,0,0,1.30718954248366,-13.538461538461538,low,0.84
P0179,Vestuário,Fornecedor E,SC,Maria,148,592,288,348,99,348,7,303.59,0.55,-0.06,low,1.2083333333333333,0.5138888888888888,24.82758620689655,0.34375,87433.92,0,0,1.137931034482759,-20.0,low,0.95
P0180,Ferramentas,Fornecedor B,PE,Pedro,109,545,761,15,4,15,17,171.93,0.54,0.25,medium,0.0197109067017082,0.1432325886990801,1522.0,0.0052562417871222,130838.73,216,0,1.0666666666666669,-38.35294117647059,medium,0.89
P0181,Móveis,Fornecedor E,SP,Pedro,86,344,147,66,9,66,7,453.23,1.25,-0.02,low,0.4489795918367347,0.5850340136054422,66.81818181818181,0.0612244897959183,66624.81,0,0,0.5454545454545454,-8.714285714285714,low,0.81
P0182,Cosméticos,Fornecedor A,SC,Maria,12,60,82,337,47,337,14,387.45,1.16,-0.29,medium,4.109756097560975,0.1463414634146341,7.299703264094956,0.573170731707317,31770.9,22,0,0.5578635014836796,-5.0,medium,0.97
P0183,Eletrônicos,Fornecedor D,BA,Ana,170,680,738,230,57,230,7,136.12,1.3,-0.13,medium,0.3116531165311653,0.2303523035230352,96.2608695652174,0.0772357723577235,100456.56,58,0,0.991304347826087,-81.14285714285714,medium,0.85
P0184,Eletrônicos,Fornecedor E,BA,João,143,715,957,157,18,157,19,324.42,0.61,-0.27,medium,0.1640543364681295,0.1494252873563218,182.86624203821657,0.018808777429467,310469.94,242,0,0.4585987261146497,-42.8421052631579,medium,0.93
P0185,Alimentos,Fornecedor A,RJ,João,187,561,506,203,46,203,19,299.9,0.54,-0.28,low,0.4011857707509881,0.3695652173913043,74.77832512315271,0.0909090909090909,151749.4,0,0,0.9064039408866996,-16.789473684210527,low,0.96
P0186,Vestuário,Fornecedor B,RJ,Ana,19,95,108,56,9,56,26,203.59,1.01,-0.13,medium,0.5185185185185185,0.1759259259259259,57.857142857142854,0.0833333333333333,21987.72,13,0,0.6428571428571429,-3.423076923076923,medium,0.94
P0187,Cosméticos,Fornecedor B,SC,Maria,14,70,97,264,52,264,14,186.64,0.89,-0.13,medium,2.7216494845360826,0.1443298969072164,11.022727272727272,0.5360824742268041,18104.08,27,0,0.7878787878787878,-5.928571428571429,medium,0.980952380952381
P0188,Brinquedos,Fornecedor A,PR,Pedro,160,800,200,63,18,63,26,175.06,0.96,0.17,medium,0.315,0.8,95.23809523809524,0.09,35012.0,0,0,1.1428571428571428,-1.5384615384615383,low,0.72
P0189,Ferramentas,Fornecedor B,SC,João,147,735,153,76,25,76,17,310.49,1.49,0.28,medium,0.4967320261437908,0.9607843137254902,60.39473684210527,0.1633986928104575,47504.97,0,0,1.3157894736842106,-0.3529411764705882,medium,0.64
P0190,Móveis,Fornecedor A,RJ,Carlos,181,724,72,152,20,152,17,223.99,1.47,-0.08,critical,2.111111111111111,2.513888888888889,14.210526315789474,0.2777777777777778,16127.28,0,109,0.5263157894736842,6.411764705882353,critical,0.825
P0191,Bebidas,Fornecedor E,BA,Carlos,139,417,295,353,85,353,8,416.77,1.44,-0.04,low,1.1966101694915254,0.4711864406779661,25.07082152974504,0.288135593220339,122947.15,0,0,0.963172804532578,-19.5,low,0.8994117647058824
P0192,Móveis,Fornecedor E,MG,Ana,22,110,16,67,21,67,14,336.45,1.28,0.21,high,4.1875,1.375,7.164179104477612,1.3125,5383.2,0,6,1.2537313432835822,0.4285714285714285,high,0.83
P0193,Papelaria,Fornecedor A,SC,Maria,177,708,60,314,42,314,29,39.62,0.85,-0.14,critical,5.233333333333333,2.95,5.732484076433121,0.7,2377.2,0,117,0.535031847133758,4.0344827586206895,critical,0.79
P0194,Eletrônicos,Fornecedor E,BA,João,139,417,615,377,116,377,22,321.88,0.91,-0.21,medium,0.6130081300813008,0.2260162601626016,48.93899204244032,0.1886178861788618,197956.2,198,0,1.2307692307692308,-21.636363636363637,medium,0.9058333333333333
P0195,Ferramentas,Fornecedor E,MG,Maria,93,279,41,247,49,247,20,139.22,1.05,0.21,critical,6.024390243902439,2.268292682926829,4.9797570850202435,1.195121951219512,5708.0199999999995,0,52,0.7935222672064778,2.6,critical,0.91
P0196,Papelaria,Fornecedor E,MG,João,74,222,24,497,95,497,16,298.44,1.33,-0.27,critical,20.708333333333332,3.0833333333333335,1.448692152917505,3.9583333333333335,7162.5599999999995,0,50,0.7645875251509054,3.125,critical,0.89
P0197,Cosméticos,Fornecedor C,RJ,Ana,72,216,38,370,127,370,4,341.67,0.57,0.07,high,9.736842105263158,1.894736842105263,3.081081081081081,3.3421052631578947,12983.46,0,34,1.372972972972973,8.5,high,0.92
P0198,Bebidas,Fornecedor D,SC,Ana,110,550,802,334,54,334,11,119.26,0.92,0.04,medium,0.4164588528678304,0.1371571072319202,72.03592814371258,0.0673316708229426,95646.52,252,0,0.6467065868263473,-62.90909090909091,medium,0.98
P0199,Vestuário,Fornecedor B,RS,Carlos,82,410,130,111,30,111,7,231.15,0.58,-0.09,low,0.8538461538461538,0.6307692307692307,35.13513513513514,0.2307692307692307,30049.5,0,0,1.0810810810810811,-6.857142857142857,low,0.9994117647058823
P0200,Ferramentas,Fornecedor C,SP,Maria,26,104,107,230,70,230,22,99.21,1.01,-0.11,medium,2.149532710280374,0.2429906542056074,13.956521739130434,0.6542056074766355,10615.47,3,0,1.2173913043478262,-3.6818181818181817,medium,0.671952380952381
